{"10K - chain": 270.24169293299997, "50K - chain": 6668.5470347499995, "100K - chain": 25367.453221461998, "500K - chain: 156479.130"}
