{"100K - naive": 2.0206273270000565, "50K - naive": 1.1196594620000724, "10K - naive": 0.2690367359996344, "10K - HIShip": 3147.597470657}