{"1M - naiveTime": 17.813780699999825, "5M - naiveTime": 76.81358050000017, "10M - naiveTime": 158.1645128}