Model,RMSE,MAE
KNN(Zscore),0.918475666325805,0.548567837230339
 baseline,0.794281927449097,0.552960178123637
 CoClustering,0.996560326298393,0.636525597962495
 KNN(Base),0.790409193806567,0.520535308991598
 NormalPredictor,1.19167444580628,0.852541702862623
 KNN(Basic),0.908086128068489,0.615144042397047
 KNN(Means),0.918476565541292,0.548557474408803
 SVD,0.765364388347099,0.508519351530788
